<?xml version="1.0" encoding="UTF-8" ?>
<!DOCTYPE mapper PUBLIC "-//mybatis.org//DTD Mapper 3.0//EN" "http://mybatis.org/dtd/mybatis-3-mapper.dtd" >
<mapper namespace="com.liutianjun.dao.OrganizationDao" >
  <resultMap id="BaseResultMap" type="com.liutianjun.pojo.Organization" >
    <id column="id" property="id" jdbcType="INTEGER" />
    <result column="organization_name" property="organizationName" jdbcType="VARCHAR" />
    <result column="parent_id" property="parentId" jdbcType="INTEGER" />
    <result column="parent_ids" property="parentIds" jdbcType="VARCHAR" />
    <result column="root_id" property="rootId" jdbcType="INTEGER" />
    <result column="real_name" property="realName" jdbcType="VARCHAR" />
    <result column="creator" property="creator" jdbcType="VARCHAR" />
    <result column="phone" property="phone" jdbcType="VARCHAR" />
    <result column="unit_info" property="unitInfo" jdbcType="VARCHAR" />
    <result column="create_time" property="createTime" jdbcType="TIMESTAMP" />
    <result column="update_time" property="updateTime" jdbcType="TIMESTAMP" />
    <result column="status" property="status" jdbcType="INTEGER" />
  </resultMap>
  <sql id="Example_Where_Clause" >
    <where >
      <foreach collection="oredCriteria" item="criteria" separator="or" >
        <if test="criteria.valid" >
          <trim prefix="(" suffix=")" prefixOverrides="and" >
            <foreach collection="criteria.criteria" item="criterion" >
              <choose >
                <when test="criterion.noValue" >
                  and ${criterion.condition}
                </when>
                <when test="criterion.singleValue" >
                  and ${criterion.condition} #{criterion.value}
                </when>
                <when test="criterion.betweenValue" >
                  and ${criterion.condition} #{criterion.value} and #{criterion.secondValue}
                </when>
                <when test="criterion.listValue" >
                  and ${criterion.condition}
                  <foreach collection="criterion.value" item="listItem" open="(" close=")" separator="," >
                    #{listItem}
                  </foreach>
                </when>
              </choose>
            </foreach>
          </trim>
        </if>
      </foreach>
    </where>
  </sql>
  <sql id="Update_By_Example_Where_Clause" >
    <where >
      <foreach collection="example.oredCriteria" item="criteria" separator="or" >
        <if test="criteria.valid" >
          <trim prefix="(" suffix=")" prefixOverrides="and" >
            <foreach collection="criteria.criteria" item="criterion" >
              <choose >
                <when test="criterion.noValue" >
                  and ${criterion.condition}
                </when>
                <when test="criterion.singleValue" >
                  and ${criterion.condition} #{criterion.value}
                </when>
                <when test="criterion.betweenValue" >
                  and ${criterion.condition} #{criterion.value} and #{criterion.secondValue}
                </when>
                <when test="criterion.listValue" >
                  and ${criterion.condition}
                  <foreach collection="criterion.value" item="listItem" open="(" close=")" separator="," >
                    #{listItem}
                  </foreach>
                </when>
              </choose>
            </foreach>
          </trim>
        </if>
      </foreach>
    </where>
  </sql>
  <sql id="Base_Column_List" >
    <if test="fields == null" >
      id, organization_name, parent_id, parent_ids, root_id, real_name, creator, phone, 
      unit_info, create_time, update_time, status
    </if>
    <if test="fields != null" >
      ${fields}
    </if>
  </sql>
  <select id="selectByExample" resultMap="BaseResultMap" parameterType="com.liutianjun.pojo.OrganizationQuery" >
    select
    <if test="distinct" >
      distinct
    </if>
    <include refid="Base_Column_List" />
    from organization
    <if test="_parameter != null" >
      <include refid="Example_Where_Clause" />
    </if>
    <if test="orderByClause != null" >
      order by ${orderByClause}
    </if>
    <if test="startRow != null" >
      limit #{startRow} , #{pageSize}
    </if>
  </select>
  <select id="selectByPrimaryKey" resultMap="BaseResultMap" parameterType="java.lang.Integer" >
    select 
    id,organization_name,parent_id,parent_ids,root_id,real_name,creator,phone,unit_info,create_time,update_time,status
    from organization
    where id = #{id,jdbcType=INTEGER}
  </select>
  <delete id="deleteByPrimaryKey" parameterType="java.lang.Integer" >
    delete from organization
    where id = #{id,jdbcType=INTEGER}
  </delete>
  <delete id="deleteByExample" parameterType="com.liutianjun.pojo.OrganizationQuery" >
    delete from organization
    <if test="_parameter != null" >
      <include refid="Example_Where_Clause" />
    </if>
  </delete>
  <insert id="insert" parameterType="com.liutianjun.pojo.Organization" >
    <selectKey resultType="java.lang.Integer" keyProperty="id" order="AFTER" >
      SELECT LAST_INSERT_ID()
    </selectKey>
    insert into organization (organization_name, parent_id, parent_ids, 
      root_id, real_name, creator, 
      phone, unit_info, create_time, 
      update_time, status)
    values (#{organizationName,jdbcType=VARCHAR}, #{parentId,jdbcType=INTEGER}, #{parentIds,jdbcType=VARCHAR}, 
      #{rootId,jdbcType=INTEGER}, #{realName,jdbcType=VARCHAR}, #{creator,jdbcType=VARCHAR}, 
      #{phone,jdbcType=VARCHAR}, #{unitInfo,jdbcType=VARCHAR}, #{createTime,jdbcType=TIMESTAMP}, 
      #{updateTime,jdbcType=TIMESTAMP}, #{status,jdbcType=INTEGER})
  </insert>
  <insert id="insertSelective" parameterType="com.liutianjun.pojo.Organization" >
    <selectKey resultType="java.lang.Integer" keyProperty="id" order="AFTER" >
      SELECT LAST_INSERT_ID()
    </selectKey>
    insert into organization
    <trim prefix="(" suffix=")" suffixOverrides="," >
      <if test="organizationName != null" >
        organization_name,
      </if>
      <if test="parentId != null" >
        parent_id,
      </if>
      <if test="parentIds != null" >
        parent_ids,
      </if>
      <if test="rootId != null" >
        root_id,
      </if>
      <if test="realName != null" >
        real_name,
      </if>
      <if test="creator != null" >
        creator,
      </if>
      <if test="phone != null" >
        phone,
      </if>
      <if test="unitInfo != null" >
        unit_info,
      </if>
      <if test="createTime != null" >
        create_time,
      </if>
      <if test="updateTime != null" >
        update_time,
      </if>
      <if test="status != null" >
        status,
      </if>
    </trim>
    <trim prefix="values (" suffix=")" suffixOverrides="," >
      <if test="organizationName != null" >
        #{organizationName,jdbcType=VARCHAR},
      </if>
      <if test="parentId != null" >
        #{parentId,jdbcType=INTEGER},
      </if>
      <if test="parentIds != null" >
        #{parentIds,jdbcType=VARCHAR},
      </if>
      <if test="rootId != null" >
        #{rootId,jdbcType=INTEGER},
      </if>
      <if test="realName != null" >
        #{realName,jdbcType=VARCHAR},
      </if>
      <if test="creator != null" >
        #{creator,jdbcType=VARCHAR},
      </if>
      <if test="phone != null" >
        #{phone,jdbcType=VARCHAR},
      </if>
      <if test="unitInfo != null" >
        #{unitInfo,jdbcType=VARCHAR},
      </if>
      <if test="createTime != null" >
        #{createTime,jdbcType=TIMESTAMP},
      </if>
      <if test="updateTime != null" >
        #{updateTime,jdbcType=TIMESTAMP},
      </if>
      <if test="status != null" >
        #{status,jdbcType=INTEGER},
      </if>
    </trim>
  </insert>
  <select id="countByExample" parameterType="com.liutianjun.pojo.OrganizationQuery" resultType="java.lang.Integer" >
    select count(*) from organization
    <if test="_parameter != null" >
      <include refid="Example_Where_Clause" />
    </if>
  </select>
  <update id="updateByExampleSelective" parameterType="map" >
    update organization
    <set >
      <if test="record.id != null" >
        id = #{record.id,jdbcType=INTEGER},
      </if>
      <if test="record.organizationName != null" >
        organization_name = #{record.organizationName,jdbcType=VARCHAR},
      </if>
      <if test="record.parentId != null" >
        parent_id = #{record.parentId,jdbcType=INTEGER},
      </if>
      <if test="record.parentIds != null" >
        parent_ids = #{record.parentIds,jdbcType=VARCHAR},
      </if>
      <if test="record.rootId != null" >
        root_id = #{record.rootId,jdbcType=INTEGER},
      </if>
      <if test="record.realName != null" >
        real_name = #{record.realName,jdbcType=VARCHAR},
      </if>
      <if test="record.creator != null" >
        creator = #{record.creator,jdbcType=VARCHAR},
      </if>
      <if test="record.phone != null" >
        phone = #{record.phone,jdbcType=VARCHAR},
      </if>
      <if test="record.unitInfo != null" >
        unit_info = #{record.unitInfo,jdbcType=VARCHAR},
      </if>
      <if test="record.createTime != null" >
        create_time = #{record.createTime,jdbcType=TIMESTAMP},
      </if>
      <if test="record.updateTime != null" >
        update_time = #{record.updateTime,jdbcType=TIMESTAMP},
      </if>
      <if test="record.status != null" >
        status = #{record.status,jdbcType=INTEGER},
      </if>
    </set>
    <if test="_parameter != null" >
      <include refid="Update_By_Example_Where_Clause" />
    </if>
  </update>
  <update id="updateByExample" parameterType="map" >
    update organization
    set id = #{record.id,jdbcType=INTEGER},
      organization_name = #{record.organizationName,jdbcType=VARCHAR},
      parent_id = #{record.parentId,jdbcType=INTEGER},
      parent_ids = #{record.parentIds,jdbcType=VARCHAR},
      root_id = #{record.rootId,jdbcType=INTEGER},
      real_name = #{record.realName,jdbcType=VARCHAR},
      creator = #{record.creator,jdbcType=VARCHAR},
      phone = #{record.phone,jdbcType=VARCHAR},
      unit_info = #{record.unitInfo,jdbcType=VARCHAR},
      create_time = #{record.createTime,jdbcType=TIMESTAMP},
      update_time = #{record.updateTime,jdbcType=TIMESTAMP},
      status = #{record.status,jdbcType=INTEGER}
    <if test="_parameter != null" >
      <include refid="Update_By_Example_Where_Clause" />
    </if>
  </update>
  <update id="updateByPrimaryKeySelective" parameterType="com.liutianjun.pojo.Organization" >
    update organization
    <set >
      <if test="organizationName != null" >
        organization_name = #{organizationName,jdbcType=VARCHAR},
      </if>
      <if test="parentId != null" >
        parent_id = #{parentId,jdbcType=INTEGER},
      </if>
      <if test="parentIds != null" >
        parent_ids = #{parentIds,jdbcType=VARCHAR},
      </if>
      <if test="rootId != null" >
        root_id = #{rootId,jdbcType=INTEGER},
      </if>
      <if test="realName != null" >
        real_name = #{realName,jdbcType=VARCHAR},
      </if>
      <if test="creator != null" >
        creator = #{creator,jdbcType=VARCHAR},
      </if>
      <if test="phone != null" >
        phone = #{phone,jdbcType=VARCHAR},
      </if>
      <if test="unitInfo != null" >
        unit_info = #{unitInfo,jdbcType=VARCHAR},
      </if>
      <if test="createTime != null" >
        create_time = #{createTime,jdbcType=TIMESTAMP},
      </if>
      <if test="updateTime != null" >
        update_time = #{updateTime,jdbcType=TIMESTAMP},
      </if>
      <if test="status != null" >
        status = #{status,jdbcType=INTEGER},
      </if>
    </set>
    where id = #{id,jdbcType=INTEGER}
  </update>
  <update id="updateByPrimaryKey" parameterType="com.liutianjun.pojo.Organization" >
    update organization
    set organization_name = #{organizationName,jdbcType=VARCHAR},
      parent_id = #{parentId,jdbcType=INTEGER},
      parent_ids = #{parentIds,jdbcType=VARCHAR},
      root_id = #{rootId,jdbcType=INTEGER},
      real_name = #{realName,jdbcType=VARCHAR},
      creator = #{creator,jdbcType=VARCHAR},
      phone = #{phone,jdbcType=VARCHAR},
      unit_info = #{unitInfo,jdbcType=VARCHAR},
      create_time = #{createTime,jdbcType=TIMESTAMP},
      update_time = #{updateTime,jdbcType=TIMESTAMP},
      status = #{status,jdbcType=INTEGER}
    where id = #{id,jdbcType=INTEGER}
  </update>
</mapper>