<?xml version="1.0" encoding="UTF-8" ?>
<!DOCTYPE mapper PUBLIC "-//mybatis.org//DTD Mapper 3.0//EN" "http://mybatis.org/dtd/mybatis-3-mapper.dtd" >
<mapper namespace="com.liutianjun.dao.ProjectAppRelationDao" >
  <resultMap id="BaseResultMap" type="com.liutianjun.pojo.ProjectAppRelation" >
    <id column="id" property="id" jdbcType="INTEGER" />
    <result column="project_id" property="projectId" jdbcType="INTEGER" />
    <result column="app_id" property="appId" jdbcType="INTEGER" />
    <result column="bind_datetime" property="bindDatetime" jdbcType="VARCHAR" />
  </resultMap>
  <sql id="Example_Where_Clause" >
    <where >
      <foreach collection="oredCriteria" item="criteria" separator="or" >
        <if test="criteria.valid" >
          <trim prefix="(" suffix=")" prefixOverrides="and" >
            <foreach collection="criteria.criteria" item="criterion" >
              <choose >
                <when test="criterion.noValue" >
                  and ${criterion.condition}
                </when>
                <when test="criterion.singleValue" >
                  and ${criterion.condition} #{criterion.value}
                </when>
                <when test="criterion.betweenValue" >
                  and ${criterion.condition} #{criterion.value} and #{criterion.secondValue}
                </when>
                <when test="criterion.listValue" >
                  and ${criterion.condition}
                  <foreach collection="criterion.value" item="listItem" open="(" close=")" separator="," >
                    #{listItem}
                  </foreach>
                </when>
              </choose>
            </foreach>
          </trim>
        </if>
      </foreach>
    </where>
  </sql>
  <sql id="Update_By_Example_Where_Clause" >
    <where >
      <foreach collection="example.oredCriteria" item="criteria" separator="or" >
        <if test="criteria.valid" >
          <trim prefix="(" suffix=")" prefixOverrides="and" >
            <foreach collection="criteria.criteria" item="criterion" >
              <choose >
                <when test="criterion.noValue" >
                  and ${criterion.condition}
                </when>
                <when test="criterion.singleValue" >
                  and ${criterion.condition} #{criterion.value}
                </when>
                <when test="criterion.betweenValue" >
                  and ${criterion.condition} #{criterion.value} and #{criterion.secondValue}
                </when>
                <when test="criterion.listValue" >
                  and ${criterion.condition}
                  <foreach collection="criterion.value" item="listItem" open="(" close=")" separator="," >
                    #{listItem}
                  </foreach>
                </when>
              </choose>
            </foreach>
          </trim>
        </if>
      </foreach>
    </where>
  </sql>
  <sql id="Base_Column_List" >
    <if test="fields == null" >
      id, project_id, app_id, bind_datetime
    </if>
    <if test="fields != null" >
      ${fields}
    </if>
  </sql>
  <select id="selectByExample" resultMap="BaseResultMap" parameterType="com.liutianjun.pojo.ProjectAppRelationQuery" >
    select
    <if test="distinct" >
      distinct
    </if>
    <include refid="Base_Column_List" />
    from project_app_relation
    <if test="_parameter != null" >
      <include refid="Example_Where_Clause" />
    </if>
    <if test="orderByClause != null" >
      order by ${orderByClause}
    </if>
    <if test="startRow != null" >
      limit #{startRow} , #{pageSize}
    </if>
  </select>
  <select id="selectByPrimaryKey" resultMap="BaseResultMap" parameterType="java.lang.Integer" >
    select 
    id,project_id,app_id,bind_datetime
    from project_app_relation
    where id = #{id,jdbcType=INTEGER}
  </select>
  <delete id="deleteByPrimaryKey" parameterType="java.lang.Integer" >
    delete from project_app_relation
    where id = #{id,jdbcType=INTEGER}
  </delete>
  <delete id="deleteByExample" parameterType="com.liutianjun.pojo.ProjectAppRelationQuery" >
    delete from project_app_relation
    <if test="_parameter != null" >
      <include refid="Example_Where_Clause" />
    </if>
  </delete>
  <insert id="insert" parameterType="com.liutianjun.pojo.ProjectAppRelation" >
    insert into project_app_relation (id, project_id, app_id, 
      bind_datetime)
    values (#{id,jdbcType=INTEGER}, #{projectId,jdbcType=INTEGER}, #{appId,jdbcType=INTEGER}, 
      #{bindDatetime,jdbcType=VARCHAR})
  </insert>
  <insert id="insertSelective" parameterType="com.liutianjun.pojo.ProjectAppRelation" >
    insert into project_app_relation
    <trim prefix="(" suffix=")" suffixOverrides="," >
      <if test="id != null" >
        id,
      </if>
      <if test="projectId != null" >
        project_id,
      </if>
      <if test="appId != null" >
        app_id,
      </if>
      <if test="bindDatetime != null" >
        bind_datetime,
      </if>
    </trim>
    <trim prefix="values (" suffix=")" suffixOverrides="," >
      <if test="id != null" >
        #{id,jdbcType=INTEGER},
      </if>
      <if test="projectId != null" >
        #{projectId,jdbcType=INTEGER},
      </if>
      <if test="appId != null" >
        #{appId,jdbcType=INTEGER},
      </if>
      <if test="bindDatetime != null" >
        #{bindDatetime,jdbcType=VARCHAR},
      </if>
    </trim>
  </insert>
  <select id="countByExample" parameterType="com.liutianjun.pojo.ProjectAppRelationQuery" resultType="java.lang.Integer" >
    select count(*) from project_app_relation
    <if test="_parameter != null" >
      <include refid="Example_Where_Clause" />
    </if>
  </select>
  <update id="updateByExampleSelective" parameterType="map" >
    update project_app_relation
    <set >
      <if test="record.id != null" >
        id = #{record.id,jdbcType=INTEGER},
      </if>
      <if test="record.projectId != null" >
        project_id = #{record.projectId,jdbcType=INTEGER},
      </if>
      <if test="record.appId != null" >
        app_id = #{record.appId,jdbcType=INTEGER},
      </if>
      <if test="record.bindDatetime != null" >
        bind_datetime = #{record.bindDatetime,jdbcType=VARCHAR},
      </if>
    </set>
    <if test="_parameter != null" >
      <include refid="Update_By_Example_Where_Clause" />
    </if>
  </update>
  <update id="updateByExample" parameterType="map" >
    update project_app_relation
    set id = #{record.id,jdbcType=INTEGER},
      project_id = #{record.projectId,jdbcType=INTEGER},
      app_id = #{record.appId,jdbcType=INTEGER},
      bind_datetime = #{record.bindDatetime,jdbcType=VARCHAR}
    <if test="_parameter != null" >
      <include refid="Update_By_Example_Where_Clause" />
    </if>
  </update>
  <update id="updateByPrimaryKeySelective" parameterType="com.liutianjun.pojo.ProjectAppRelation" >
    update project_app_relation
    <set >
      <if test="projectId != null" >
        project_id = #{projectId,jdbcType=INTEGER},
      </if>
      <if test="appId != null" >
        app_id = #{appId,jdbcType=INTEGER},
      </if>
      <if test="bindDatetime != null" >
        bind_datetime = #{bindDatetime,jdbcType=VARCHAR},
      </if>
    </set>
    where id = #{id,jdbcType=INTEGER}
  </update>
  <update id="updateByPrimaryKey" parameterType="com.liutianjun.pojo.ProjectAppRelation" >
    update project_app_relation
    set project_id = #{projectId,jdbcType=INTEGER},
      app_id = #{appId,jdbcType=INTEGER},
      bind_datetime = #{bindDatetime,jdbcType=VARCHAR}
    where id = #{id,jdbcType=INTEGER}
  </update>
</mapper>