<?xml version="1.0" encoding="UTF-8" ?>
<!DOCTYPE mapper PUBLIC "-//mybatis.org//DTD Mapper 3.0//EN" "http://mybatis.org/dtd/mybatis-3-mapper.dtd" >
<mapper namespace="com.liutianjun.dao.UserDao" >
  <resultMap id="BaseResultMap" type="com.liutianjun.pojo.User" >
    <id column="id" property="id" jdbcType="INTEGER" />
    <result column="username" property="username" jdbcType="VARCHAR" />
    <result column="password" property="password" jdbcType="VARCHAR" />
    <result column="salt" property="salt" jdbcType="VARCHAR" />
    <result column="gender" property="gender" jdbcType="INTEGER" />
    <result column="research_direction" property="researchDirection" jdbcType="VARCHAR" />
    <result column="personal_profile" property="personalProfile" jdbcType="VARCHAR" />
    <result column="role_ids" property="roleIds" jdbcType="VARCHAR" />
    <result column="organization_id" property="organizationId" jdbcType="INTEGER" />
    <result column="phone" property="phone" jdbcType="VARCHAR" />
    <result column="email" property="email" jdbcType="VARCHAR" />
    <result column="headimg" property="headimg" jdbcType="VARCHAR" />
    <result column="create_time" property="createTime" jdbcType="TIMESTAMP" />
    <result column="last_login_time" property="lastLoginTime" jdbcType="TIMESTAMP" />
    <result column="status" property="status" jdbcType="INTEGER" />
  </resultMap>
  <sql id="Example_Where_Clause" >
    <where >
      <foreach collection="oredCriteria" item="criteria" separator="or" >
        <if test="criteria.valid" >
          <trim prefix="(" suffix=")" prefixOverrides="and" >
            <foreach collection="criteria.criteria" item="criterion" >
              <choose >
                <when test="criterion.noValue" >
                  and ${criterion.condition}
                </when>
                <when test="criterion.singleValue" >
                  and ${criterion.condition} #{criterion.value}
                </when>
                <when test="criterion.betweenValue" >
                  and ${criterion.condition} #{criterion.value} and #{criterion.secondValue}
                </when>
                <when test="criterion.listValue" >
                  and ${criterion.condition}
                  <foreach collection="criterion.value" item="listItem" open="(" close=")" separator="," >
                    #{listItem}
                  </foreach>
                </when>
              </choose>
            </foreach>
          </trim>
        </if>
      </foreach>
    </where>
  </sql>
  <sql id="Update_By_Example_Where_Clause" >
    <where >
      <foreach collection="example.oredCriteria" item="criteria" separator="or" >
        <if test="criteria.valid" >
          <trim prefix="(" suffix=")" prefixOverrides="and" >
            <foreach collection="criteria.criteria" item="criterion" >
              <choose >
                <when test="criterion.noValue" >
                  and ${criterion.condition}
                </when>
                <when test="criterion.singleValue" >
                  and ${criterion.condition} #{criterion.value}
                </when>
                <when test="criterion.betweenValue" >
                  and ${criterion.condition} #{criterion.value} and #{criterion.secondValue}
                </when>
                <when test="criterion.listValue" >
                  and ${criterion.condition}
                  <foreach collection="criterion.value" item="listItem" open="(" close=")" separator="," >
                    #{listItem}
                  </foreach>
                </when>
              </choose>
            </foreach>
          </trim>
        </if>
      </foreach>
    </where>
  </sql>
  <sql id="Base_Column_List" >
    <if test="fields == null" >
      id, username, password, salt, gender, research_direction, personal_profile, role_ids, 
      organization_id, phone, email, headimg, create_time, last_login_time, status
    </if>
    <if test="fields != null" >
      ${fields}
    </if>
  </sql>
  <select id="selectByExample" resultMap="BaseResultMap" parameterType="com.liutianjun.pojo.UserQuery" >
    select
    <if test="distinct" >
      distinct
    </if>
    <include refid="Base_Column_List" />
    from user
    <if test="_parameter != null" >
      <include refid="Example_Where_Clause" />
    </if>
    <if test="orderByClause != null" >
      order by ${orderByClause}
    </if>
    <if test="startRow != null" >
      limit #{startRow} , #{pageSize}
    </if>
  </select>
  <select id="selectByPrimaryKey" resultMap="BaseResultMap" parameterType="java.lang.Integer" >
    select 
    id,username,password,salt,gender,research_direction,personal_profile,role_ids,organization_id,phone,email,headimg,create_time,last_login_time,status
    from user
    where id = #{id,jdbcType=INTEGER}
  </select>
  <delete id="deleteByPrimaryKey" parameterType="java.lang.Integer" >
    delete from user
    where id = #{id,jdbcType=INTEGER}
  </delete>
  <delete id="deleteByExample" parameterType="com.liutianjun.pojo.UserQuery" >
    delete from user
    <if test="_parameter != null" >
      <include refid="Example_Where_Clause" />
    </if>
  </delete>
  <insert id="insert" parameterType="com.liutianjun.pojo.User" >
    insert into user (id, username, password, 
      salt, gender, research_direction, 
      personal_profile, role_ids, organization_id, 
      phone, email, headimg, 
      create_time, last_login_time, status
      )
    values (#{id,jdbcType=INTEGER}, #{username,jdbcType=VARCHAR}, #{password,jdbcType=VARCHAR}, 
      #{salt,jdbcType=VARCHAR}, #{gender,jdbcType=INTEGER}, #{researchDirection,jdbcType=VARCHAR}, 
      #{personalProfile,jdbcType=VARCHAR}, #{roleIds,jdbcType=VARCHAR}, #{organizationId,jdbcType=INTEGER}, 
      #{phone,jdbcType=VARCHAR}, #{email,jdbcType=VARCHAR}, #{headimg,jdbcType=VARCHAR}, 
      #{createTime,jdbcType=TIMESTAMP}, #{lastLoginTime,jdbcType=TIMESTAMP}, #{status,jdbcType=INTEGER}
      )
  </insert>
  <insert id="insertSelective" parameterType="com.liutianjun.pojo.User" >
    insert into user
    <trim prefix="(" suffix=")" suffixOverrides="," >
      <if test="id != null" >
        id,
      </if>
      <if test="username != null" >
        username,
      </if>
      <if test="password != null" >
        password,
      </if>
      <if test="salt != null" >
        salt,
      </if>
      <if test="gender != null" >
        gender,
      </if>
      <if test="researchDirection != null" >
        research_direction,
      </if>
      <if test="personalProfile != null" >
        personal_profile,
      </if>
      <if test="roleIds != null" >
        role_ids,
      </if>
      <if test="organizationId != null" >
        organization_id,
      </if>
      <if test="phone != null" >
        phone,
      </if>
      <if test="email != null" >
        email,
      </if>
      <if test="headimg != null" >
        headimg,
      </if>
      <if test="createTime != null" >
        create_time,
      </if>
      <if test="lastLoginTime != null" >
        last_login_time,
      </if>
      <if test="status != null" >
        status,
      </if>
    </trim>
    <trim prefix="values (" suffix=")" suffixOverrides="," >
      <if test="id != null" >
        #{id,jdbcType=INTEGER},
      </if>
      <if test="username != null" >
        #{username,jdbcType=VARCHAR},
      </if>
      <if test="password != null" >
        #{password,jdbcType=VARCHAR},
      </if>
      <if test="salt != null" >
        #{salt,jdbcType=VARCHAR},
      </if>
      <if test="gender != null" >
        #{gender,jdbcType=INTEGER},
      </if>
      <if test="researchDirection != null" >
        #{researchDirection,jdbcType=VARCHAR},
      </if>
      <if test="personalProfile != null" >
        #{personalProfile,jdbcType=VARCHAR},
      </if>
      <if test="roleIds != null" >
        #{roleIds,jdbcType=VARCHAR},
      </if>
      <if test="organizationId != null" >
        #{organizationId,jdbcType=INTEGER},
      </if>
      <if test="phone != null" >
        #{phone,jdbcType=VARCHAR},
      </if>
      <if test="email != null" >
        #{email,jdbcType=VARCHAR},
      </if>
      <if test="headimg != null" >
        #{headimg,jdbcType=VARCHAR},
      </if>
      <if test="createTime != null" >
        #{createTime,jdbcType=TIMESTAMP},
      </if>
      <if test="lastLoginTime != null" >
        #{lastLoginTime,jdbcType=TIMESTAMP},
      </if>
      <if test="status != null" >
        #{status,jdbcType=INTEGER},
      </if>
    </trim>
  </insert>
  <select id="countByExample" parameterType="com.liutianjun.pojo.UserQuery" resultType="java.lang.Integer" >
    select count(*) from user
    <if test="_parameter != null" >
      <include refid="Example_Where_Clause" />
    </if>
  </select>
  <update id="updateByExampleSelective" parameterType="map" >
    update user
    <set >
      <if test="record.id != null" >
        id = #{record.id,jdbcType=INTEGER},
      </if>
      <if test="record.username != null" >
        username = #{record.username,jdbcType=VARCHAR},
      </if>
      <if test="record.password != null" >
        password = #{record.password,jdbcType=VARCHAR},
      </if>
      <if test="record.salt != null" >
        salt = #{record.salt,jdbcType=VARCHAR},
      </if>
      <if test="record.gender != null" >
        gender = #{record.gender,jdbcType=INTEGER},
      </if>
      <if test="record.researchDirection != null" >
        research_direction = #{record.researchDirection,jdbcType=VARCHAR},
      </if>
      <if test="record.personalProfile != null" >
        personal_profile = #{record.personalProfile,jdbcType=VARCHAR},
      </if>
      <if test="record.roleIds != null" >
        role_ids = #{record.roleIds,jdbcType=VARCHAR},
      </if>
      <if test="record.organizationId != null" >
        organization_id = #{record.organizationId,jdbcType=INTEGER},
      </if>
      <if test="record.phone != null" >
        phone = #{record.phone,jdbcType=VARCHAR},
      </if>
      <if test="record.email != null" >
        email = #{record.email,jdbcType=VARCHAR},
      </if>
      <if test="record.headimg != null" >
        headimg = #{record.headimg,jdbcType=VARCHAR},
      </if>
      <if test="record.createTime != null" >
        create_time = #{record.createTime,jdbcType=TIMESTAMP},
      </if>
      <if test="record.lastLoginTime != null" >
        last_login_time = #{record.lastLoginTime,jdbcType=TIMESTAMP},
      </if>
      <if test="record.status != null" >
        status = #{record.status,jdbcType=INTEGER},
      </if>
    </set>
    <if test="_parameter != null" >
      <include refid="Update_By_Example_Where_Clause" />
    </if>
  </update>
  <update id="updateByExample" parameterType="map" >
    update user
    set id = #{record.id,jdbcType=INTEGER},
      username = #{record.username,jdbcType=VARCHAR},
      password = #{record.password,jdbcType=VARCHAR},
      salt = #{record.salt,jdbcType=VARCHAR},
      gender = #{record.gender,jdbcType=INTEGER},
      research_direction = #{record.researchDirection,jdbcType=VARCHAR},
      personal_profile = #{record.personalProfile,jdbcType=VARCHAR},
      role_ids = #{record.roleIds,jdbcType=VARCHAR},
      organization_id = #{record.organizationId,jdbcType=INTEGER},
      phone = #{record.phone,jdbcType=VARCHAR},
      email = #{record.email,jdbcType=VARCHAR},
      headimg = #{record.headimg,jdbcType=VARCHAR},
      create_time = #{record.createTime,jdbcType=TIMESTAMP},
      last_login_time = #{record.lastLoginTime,jdbcType=TIMESTAMP},
      status = #{record.status,jdbcType=INTEGER}
    <if test="_parameter != null" >
      <include refid="Update_By_Example_Where_Clause" />
    </if>
  </update>
  <update id="updateByPrimaryKeySelective" parameterType="com.liutianjun.pojo.User" >
    update user
    <set >
      <if test="username != null" >
        username = #{username,jdbcType=VARCHAR},
      </if>
      <if test="password != null" >
        password = #{password,jdbcType=VARCHAR},
      </if>
      <if test="salt != null" >
        salt = #{salt,jdbcType=VARCHAR},
      </if>
      <if test="gender != null" >
        gender = #{gender,jdbcType=INTEGER},
      </if>
      <if test="researchDirection != null" >
        research_direction = #{researchDirection,jdbcType=VARCHAR},
      </if>
      <if test="personalProfile != null" >
        personal_profile = #{personalProfile,jdbcType=VARCHAR},
      </if>
      <if test="roleIds != null" >
        role_ids = #{roleIds,jdbcType=VARCHAR},
      </if>
      <if test="organizationId != null" >
        organization_id = #{organizationId,jdbcType=INTEGER},
      </if>
      <if test="phone != null" >
        phone = #{phone,jdbcType=VARCHAR},
      </if>
      <if test="email != null" >
        email = #{email,jdbcType=VARCHAR},
      </if>
      <if test="headimg != null" >
        headimg = #{headimg,jdbcType=VARCHAR},
      </if>
      <if test="createTime != null" >
        create_time = #{createTime,jdbcType=TIMESTAMP},
      </if>
      <if test="lastLoginTime != null" >
        last_login_time = #{lastLoginTime,jdbcType=TIMESTAMP},
      </if>
      <if test="status != null" >
        status = #{status,jdbcType=INTEGER},
      </if>
    </set>
    where id = #{id,jdbcType=INTEGER}
  </update>
  <update id="updateByPrimaryKey" parameterType="com.liutianjun.pojo.User" >
    update user
    set username = #{username,jdbcType=VARCHAR},
      password = #{password,jdbcType=VARCHAR},
      salt = #{salt,jdbcType=VARCHAR},
      gender = #{gender,jdbcType=INTEGER},
      research_direction = #{researchDirection,jdbcType=VARCHAR},
      personal_profile = #{personalProfile,jdbcType=VARCHAR},
      role_ids = #{roleIds,jdbcType=VARCHAR},
      organization_id = #{organizationId,jdbcType=INTEGER},
      phone = #{phone,jdbcType=VARCHAR},
      email = #{email,jdbcType=VARCHAR},
      headimg = #{headimg,jdbcType=VARCHAR},
      create_time = #{createTime,jdbcType=TIMESTAMP},
      last_login_time = #{lastLoginTime,jdbcType=TIMESTAMP},
      status = #{status,jdbcType=INTEGER}
    where id = #{id,jdbcType=INTEGER}
  </update>
</mapper>