<?xml version="1.0" encoding="UTF-8"?>
<beans 	xmlns="http://www.springframework.org/schema/beans"
	xmlns:xsi="http://www.w3.org/2001/XMLSchema-instance"
	xmlns:p="http://www.springframework.org/schema/p"
	xmlns:aop="http://www.springframework.org/schema/aop"
	xmlns:context="http://www.springframework.org/schema/context"
	xmlns:mvc="http://www.springframework.org/schema/mvc"
	xmlns:tx="http://www.springframework.org/schema/tx"
	xmlns:mongo="http://www.springframework.org/schema/data/mongo"
	xmlns:cache="http://www.springframework.org/schema/cache"
	xmlns:c="http://www.springframework.org/schema/c"
	xmlns:amq="http://activemq.apache.org/schema/core"
	xmlns:websocket="http://www.springframework.org/schema/websocket"
	xmlns:jms="http://www.springframework.org/schema/jms"
	xmlns:util="http://www.springframework.org/schema/util"   
	xsi:schemaLocation="
		http://www.springframework.org/schema/beans
		http://www.springframework.org/schema/beans/spring-beans.xsd
		http://www.springframework.org/schema/websocket
		http://www.springframework.org/schema/websocket/spring-websocket.xsd
		http://www.springframework.org/schema/mvc
		http://www.springframework.org/schema/mvc/spring-mvc-3.2.xsd
		http://www.springframework.org/schema/context
		http://www.springframework.org/schema/context/spring-context.xsd
		http://www.springframework.org/schema/data/mongo       
		http://www.springframework.org/schema/data/mongo/spring-mongo-1.0.xsd   
		http://www.springframework.org/schema/tx
		http://www.springframework.org/schema/tx/spring-tx.xsd
		http://www.springframework.org/schema/aop
		http://www.springframework.org/schema/aop/spring-aop.xsd
		http://www.springframework.org/schema/cache
		http://www.springframework.org/schema/cache/spring-cache.xsd
		http://activemq.apache.org/schema/core 
		http://activemq.apache.org/schema/core/activemq-core.xsd
		http://www.springframework.org/schema/jms 
		http://www.springframework.org/schema/jms/spring-jms.xsd
		http://www.springframework.org/schema/util
		http://www.springframework.org/schema/util/spring-util.xsd">
		
	<!-- 引入配置属性文件 -->
	<context:property-placeholder location="classpath:config.properties"></context:property-placeholder>
	
	<!-- 自动扫描注入 Service -->
	<context:component-scan base-package="com.*.service"></context:component-scan>
	
	<context:component-scan base-package="com.liutianjun.push"/>
	
	<bean class="com.liutianjun.shiro.spring.SpringUtils"/>
	
	<import resource="classpath:spring-shiro.xml"/>
    <import resource="classpath:spring-mybatis.xml"/>
    <import resource="classpath:spring-cache.xml"/>
    <!-- <import resource="classpath:spring-websocket.xml"/> -->

</beans>