<?xml version="1.0" encoding="UTF-8"?>
<beans xmlns="http://www.springframework.org/schema/beans"
       xmlns:util="http://www.springframework.org/schema/util"
       xmlns:aop="http://www.springframework.org/schema/aop"
       xmlns:xsi="http://www.w3.org/2001/XMLSchema-instance"
       xsi:schemaLocation="
       http://www.springframework.org/schema/beans http://www.springframework.org/schema/beans/spring-beans.xsd
       http://www.springframework.org/schema/util http://www.springframework.org/schema/util/spring-util.xsd
       http://www.springframework.org/schema/aop http://www.springframework.org/schema/aop/spring-aop.xsd">

    <!-- 缓存管理器 -->
    <bean id="cacheManager" class="com.liutianjun.shiro.spring.SpringCacheManagerWrapper">
        <property name="cacheManager" ref="springCacheManager"/>
    </bean>

    <!-- 凭证匹配器 -->
    <bean id="credentialsMatcher" class="com.liutianjun.shiro.credentials.RetryLimitHashedCredentialsMatcher">
        <constructor-arg ref="cacheManager"/>
        <property name="hashAlgorithmName" value="md5"/>
        <property name="hashIterations" value="2"/>
        <property name="storedCredentialsHexEncoded" value="true"/>
    </bean>

    <!-- Realm实现 -->
    <bean id="userRealm" class="com.liutianjun.shiro.realm.UserRealm">
        <property name="credentialsMatcher" ref="credentialsMatcher"/>
        <property name="cachingEnabled" value="false"/>
        <!--<property name="authenticationCachingEnabled" value="true"/>-->
        <!--<property name="authenticationCacheName" value="authenticationCache"/>-->
        <!--<property name="authorizationCachingEnabled" value="true"/>-->
        <!--<property name="authorizationCacheName" value="authorizationCache"/>-->
    </bean>

    <!-- 会话ID生成器 -->
    <bean id="sessionIdGenerator" class="org.apache.shiro.session.mgt.eis.JavaUuidSessionIdGenerator"/>

    <!-- 会话Cookie模板 -->
    <bean id="sessionIdCookie" class="org.apache.shiro.web.servlet.SimpleCookie">
        <constructor-arg value="sid"/>
        <property name="httpOnly" value="true"/>
        <property name="maxAge" value="-1"/>
    </bean>

    <bean id="rememberMeCookie" class="org.apache.shiro.web.servlet.SimpleCookie">
        <constructor-arg value="rememberMe"/>
        <property name="httpOnly" value="true"/>
        <property name="maxAge" value="2592000"/><!-- 30天 -->
    </bean>

    <!-- rememberMe管理器 -->
    <bean id="rememberMeManager" class="org.apache.shiro.web.mgt.CookieRememberMeManager">
        <!-- rememberMe cookie加密的密钥 建议每个项目都不一样 默认AES算法 密钥长度（128 256 512 位）-->
        <property name="cipherKey"
                  value="#{T(org.apache.shiro.codec.Base64).decode('4AvVhmFLUs0KTA3Kprsdag==')}"/>
        <property name="cookie" ref="rememberMeCookie"/>
    </bean>

    <!-- 会话DAO -->
    <bean id="sessionDAO" class="org.apache.shiro.session.mgt.eis.EnterpriseCacheSessionDAO">
        <property name="activeSessionsCacheName" value="shiro-activeSessionCache"/>
        <property name="sessionIdGenerator" ref="sessionIdGenerator"/>
    </bean>
    <!-- 会话验证调度器 -->
    <bean id="sessionValidationScheduler" class="org.apache.shiro.session.mgt.quartz.QuartzSessionValidationScheduler">
        <property name="sessionValidationInterval" value="1800000"/>
        <property name="sessionManager" ref="sessionManager"/>
    </bean>

    <!-- 会话管理器 -->
    <bean id="sessionManager" class="org.apache.shiro.web.session.mgt.DefaultWebSessionManager">
        <!-- 相隔多久检查一次session的有效性   -->
        <property name="sessionValidationInterval" value="1800000"/>
        <!-- session 有效时间为半小时 （毫秒单位）-->
        <property name="globalSessionTimeout" value="1800000"/>
        <!-- 是否删除无效的，默认也是开启 -->
        <property name="deleteInvalidSessions" value="true"/>
        <!-- 是否开启 检测，默认开启 -->
        <property name="sessionValidationSchedulerEnabled" value="true"/>
        <!-- 间隔多少时间检查，不配置是60分钟 -->  
        <property name="sessionValidationScheduler" ref="sessionValidationScheduler"/>
        
        <!-- session 监听，可以多个。 -->
	    <!-- <property name="sessionListeners">
	       <list>
	           <ref bean="customSessionListener"/>
	       </list>
	    </property> -->
	    
        <property name="sessionDAO" ref="sessionDAO"/>
        <property name="sessionIdCookieEnabled" value="true"/>
        <property name="sessionIdCookie" ref="sessionIdCookie"/>
        <property name="sessionIdUrlRewritingEnabled" value="false" />
    </bean>
    
    <!-- 安全管理器 -->
    <bean id="securityManager" class="org.apache.shiro.web.mgt.DefaultWebSecurityManager">
        <property name="realm" ref="userRealm"/>
        <property name="sessionManager" ref="sessionManager"/>
        <property name="cacheManager" ref="cacheManager"/>
        <property name="rememberMeManager" ref="rememberMeManager"/>
    </bean>

    <!-- 相当于调用SecurityUtils.setSecurityManager(securityManager) -->
    <bean class="org.springframework.beans.factory.config.MethodInvokingFactoryBean">
        <property name="staticMethod" value="org.apache.shiro.SecurityUtils.setSecurityManager"/>
        <property name="arguments" ref="securityManager"/>
    </bean>

    <!-- 基于Form表单的身份验证过滤器 -->
    <!-- <bean id="formAuthenticationFilter" class="org.apache.shiro.web.filter.authc.FormAuthenticationFilter">
        <property name="usernameParam" value="username"/>
        <property name="passwordParam" value="password"/>
        <property name="rememberMeParam" value="rememberMe"/>
        <property name="loginUrl" value="/login"/>
    </bean> -->
    
    <bean id="userService" class="com.liutianjun.service.impl.UserServiceImpl"/>
    
    <!-- 自定义Form表单验证继承 -->
    <bean id="CustomFormAuthenticationFilter" class="com.liutianjun.shiro.filter.CustomFormAuthenticationFilter">
        <property name="usernameParam" value="username"/>
        <property name="passwordParam" value="password"/>
        <property name="rememberMeParam" value="rememberMe"/>
        <property name="userService" ref="userService"/>
        <property name="loginUrl" value="/login"/>
    </bean>

    <bean id="userFilter" class="com.liutianjun.shiro.filter.UserFilter"/>
    <bean id="forceLogoutFilter" class="com.liutianjun.shiro.filter.ForceLogoutFilter"/>

    <bean id="logout" class="org.apache.shiro.web.filter.authc.LogoutFilter">   
        <property name="redirectUrl" value="/login"/>   
    </bean>
    
    <bean id="adminLogout" class="org.apache.shiro.web.filter.authc.LogoutFilter">   
        <property name="redirectUrl" value="/admin/login"/>   
    </bean>   

    <!-- Shiro的Web过滤器 -->
    <bean id="shiroFilter" class="org.apache.shiro.spring.web.ShiroFilterFactoryBean">
        <property name="securityManager" ref="securityManager"/>
        <property name="loginUrl" value="/login"/>
        <property name="unauthorizedUrl" value="/unauthorized.jsp"/>
        <property name="filters">
            <util:map>
                <entry key="authc" value-ref="CustomFormAuthenticationFilter"/>
                <entry key="sysUser" value-ref="userFilter"/>
                <entry key="forceLogout" value-ref="forceLogoutFilter"/>
            </util:map>
        </property>
        <property name="filterChainDefinitions">
            <value>
                /static/** = anon <!--设置静态资源文件为游客可访问-->
                /= anon
                /homepage/** = anon
                /register = anon
                /open/** = anon
                /common/** = anon
                /forgetPassword = anon
                /admin/img/** = anon
                /admin/js/** = anon
                /admin/css/** = anon
                /admin/font/** = anon
                /admin/login = anon
                /admin/logout = adminLogout
                /admin/** = roles[admin]
                /login = authc
                /logout = logout
                /authenticated = authc
                /** = forceLogout,user,sysUser
                
                
            </value>
        </property>
    </bean>

    <!-- Shiro生命周期处理器-->
    <bean id="lifecycleBeanPostProcessor" class="org.apache.shiro.spring.LifecycleBeanPostProcessor"/>

</beans>